accuracy,precision,recall,f1_score,f2_score,best_threshold,tp,tn,fp,fn,ml_type,balance_method,dataset
0.812706817,0.695892091,0.941908714,0.800423131,0.879708572,0.15,1135,1321,496,70,lr,normal,normal_residual_cnn_features_32.csv
0.846128392,0.75,0.921161826,0.826815642,0.880952381,0.23,1110,1447,370,95,lr,normal,normal_residual_cnn_features_64.csv
0.835208471,0.733333333,0.921991701,0.816911765,0.876874507,0.23,1111,1413,404,94,lr,normal,normal_residual_cnn_features_128.csv
0.832561218,0.727391021,0.92780083,0.815463166,0.879345603,0.21,1118,1398,419,87,lr,normal,normal_residual_cnn_features_256.csv
0.847782925,0.743623283,0.943568465,0.831748354,0.895416601,0.18,1137,1425,392,68,lr,normal,over_sampled_residual_cnn_features_32.csv
0.779285242,0.652321631,0.956016598,0.775496466,0.874582448,0.14,1152,1203,614,53,lr,normal,over_sampled_residual_cnn_features_64.csv
0.838517538,0.736010533,0.92780083,0.820851689,0.881842562,0.22,1118,1416,401,87,lr,normal,over_sampled_residual_cnn_features_128.csv
0.856386499,0.763499658,0.926970954,0.837331334,0.888906573,0.23,1117,1471,346,88,lr,normal,over_sampled_residual_cnn_features_256.csv
0.833884844,0.736381977,0.908713693,0.813521545,0.868083082,0.24,1095,1425,392,110,lr,normal,under_sampled_residual_cnn_features_32.csv
0.81833223,0.706289308,0.931950207,0.803577818,0.875975039,0.18,1123,1350,467,82,lr,normal,under_sampled_residual_cnn_features_64.csv
0.837193911,0.732550554,0.931950207,0.820306793,0.883834409,0.21,1123,1407,410,82,lr,normal,under_sampled_residual_cnn_features_128.csv
0.863997353,0.781161473,0.915352697,0.842949943,0.884948652,0.27,1103,1508,309,102,lr,normal,under_sampled_residual_cnn_features_256.csv
0.833223031,0.724535554,0.938589212,0.817787419,0.88622473,0.19,1131,1387,430,74,lr,normal,weighted_residual_cnn_features_32.csv
0.767703508,0.640111421,0.953526971,0.766,0.868480726,0.14,1149,1171,646,56,lr,normal,weighted_residual_cnn_features_64.csv
0.824619457,0.71320278,0.936929461,0.80989957,0.881617992,0.19,1129,1363,454,76,lr,normal,weighted_residual_cnn_features_128.csv
0.820648577,0.705517669,0.94439834,0.807665011,0.884501788,0.18,1138,1342,475,67,lr,normal,weighted_residual_cnn_features_256.csv
0.805757776,0.686369119,0.94439834,0.794970311,0.878357518,0.2,1138,1297,520,67,lr,under,normal_residual_cnn_features_32.csv
0.843481138,0.74497992,0.923651452,0.824749907,0.881374723,0.3,1113,1436,381,92,lr,under,normal_residual_cnn_features_64.csv
0.820648577,0.708884688,0.933609959,0.805873926,0.877945997,0.27,1125,1355,462,80,lr,under,normal_residual_cnn_features_128.csv
0.812706817,0.696373694,0.940248963,0.800141243,0.878703273,0.25,1133,1323,494,72,lr,under,normal_residual_cnn_features_256.csv
0.823295831,0.704199635,0.960165975,0.8125,0.895095157,0.18,1157,1331,486,48,lr,under,over_sampled_residual_cnn_features_32.csv
0.844142952,0.75068306,0.912033195,0.823529412,0.87444303,0.33,1099,1452,365,106,lr,under,over_sampled_residual_cnn_features_64.csv
0.815023163,0.698159509,0.94439834,0.802821869,0.882170543,0.24,1138,1325,492,67,lr,under,over_sampled_residual_cnn_features_128.csv
0.858371939,0.767746382,0.924481328,0.838855422,0.888215596,0.32,1114,1480,337,91,lr,under,over_sampled_residual_cnn_features_256.csv
0.826935804,0.724637681,0.912863071,0.807932427,0.867781635,0.31,1100,1399,418,105,lr,under,under_sampled_residual_cnn_features_32.csv
0.80741231,0.690054912,0.938589212,0.79535865,0.875522527,0.23,1131,1309,508,74,lr,under,under_sampled_residual_cnn_features_64.csv
0.839510258,0.735910878,0.931950207,0.822409374,0.884809329,0.29,1123,1414,403,82,lr,under,under_sampled_residual_cnn_features_128.csv
0.862011913,0.778248588,0.914522822,0.84090042,0.883579217,0.35,1102,1503,314,103,lr,under,under_sampled_residual_cnn_features_256.csv
0.833223031,0.723961661,0.940248963,0.818050542,0.887235709,0.26,1133,1385,432,72,lr,under,weighted_residual_cnn_features_32.csv
0.826935804,0.716645489,0.936099585,0.811802807,0.882076947,0.12,1128,1371,446,77,xgboost,normal,normal_residual_cnn_features_32.csv
0.783917935,0.660651921,0.941908714,0.776599384,0.868002447,0.23,1135,1234,583,70,lr,under,weighted_residual_cnn_features_64.csv
0.818663137,0.703657781,0.941908714,0.805535841,0.882170061,0.25,1135,1339,478,70,lr,under,weighted_residual_cnn_features_128.csv
0.828590338,0.717818643,0.939419087,0.813803019,0.884789745,0.27,1132,1372,445,73,lr,under,weighted_residual_cnn_features_256.csv
0.836201191,0.731421121,0.931120332,0.819277108,0.882908404,0.14,1122,1405,412,83,xgboost,normal,normal_residual_cnn_features_64.csv
0.81436135,0.698520345,0.940248963,0.80155642,0.879385284,0.21,1133,1328,489,72,lr,over,normal_residual_cnn_features_32.csv
0.822634017,0.710509755,0.936929461,0.808160344,0.880792635,0.25,1129,1357,460,76,lr,over,normal_residual_cnn_features_64.csv
0.832561218,0.727984344,0.926141079,0.815193572,0.878325201,0.3,1116,1400,417,89,lr,over,normal_residual_cnn_features_128.csv
0.833223031,0.728935336,0.926141079,0.815789474,0.878601795,0.29,1116,1402,415,89,lr,over,normal_residual_cnn_features_256.csv
0.847121112,0.742019544,0.945228216,0.831386861,0.896144768,0.25,1139,1421,396,66,lr,over,over_sampled_residual_cnn_features_32.csv
0.824288551,0.715473146,0.928630705,0.80823402,0.876409774,0.14,1119,1372,445,86,xgboost,normal,normal_residual_cnn_features_128.csv
0.781932495,0.656,0.952697095,0.776988156,0.873668189,0.2,1148,1215,602,57,lr,over,over_sampled_residual_cnn_features_64.csv
0.830906684,0.722721438,0.934439834,0.815056098,0.882721856,0.27,1126,1385,432,79,lr,over,over_sampled_residual_cnn_features_128.csv
0.854731966,0.761612022,0.925311203,0.835518921,0.887173775,0.31,1115,1468,349,90,lr,over,over_sampled_residual_cnn_features_256.csv
0.768696228,0.641183036,0.953526971,0.766766767,0.868874773,0.19,1149,1174,643,56,lr,over,under_sampled_residual_cnn_features_32.csv
0.804103243,0.684749849,0.942738589,0.793296089,0.8766785,0.22,1136,1294,523,69,lr,over,under_sampled_residual_cnn_features_64.csv
0.845466578,0.746987952,0.926141079,0.826972953,0.883750396,0.3,1116,1439,378,89,lr,over,under_sampled_residual_cnn_features_128.csv
0.851422899,0.757493188,0.922821577,0.832023943,0.884223919,0.32,1112,1461,356,93,lr,over,under_sampled_residual_cnn_features_256.csv
0.828921244,0.717721519,0.941078838,0.814362657,0.8859375,0.25,1134,1371,446,71,lr,over,weighted_residual_cnn_features_32.csv
0.771674388,0.644581696,0.952697095,0.768921634,0.869565217,0.2,1148,1184,633,57,lr,over,weighted_residual_cnn_features_64.csv
0.80443415,0.683174224,0.950207469,0.794862895,0.881311576,0.21,1145,1286,531,60,lr,over,weighted_residual_cnn_features_128.csv
0.81436135,0.695863747,0.949377593,0.803088803,0.88490099,0.12,1144,1317,500,61,xgboost,normal,normal_residual_cnn_features_256.csv
0.822634017,0.708151836,0.94439834,0.809388336,0.885327525,0.25,1138,1348,469,67,lr,over,weighted_residual_cnn_features_256.csv
0.811714097,0.695092025,0.940248963,0.799294533,0.878294574,0.15,1133,1320,497,72,lr,weighted,normal_residual_cnn_features_32.csv
0.819655857,0.705992509,0.938589212,0.805842537,0.880566802,0.18,1131,1346,471,74,lr,weighted,normal_residual_cnn_features_64.csv
0.830906684,0.71579602,0.955186722,0.818343406,0.895301805,0.1,1151,1360,457,54,xgboost,normal,over_sampled_residual_cnn_features_32.csv
0.827597617,0.72007722,0.928630705,0.811163465,0.877784751,0.21,1119,1382,435,86,lr,weighted,normal_residual_cnn_features_128.csv
0.831899404,0.726151849,0.928630705,0.815003642,0.879578683,0.21,1119,1395,422,86,lr,weighted,normal_residual_cnn_features_256.csv
0.847782925,0.743305029,0.94439834,0.831871345,0.895921902,0.18,1138,1424,393,67,lr,weighted,over_sampled_residual_cnn_features_32.csv
0.778954335,0.651780667,0.956846473,0.775386685,0.874943087,0.14,1153,1201,616,52,lr,weighted,over_sampled_residual_cnn_features_64.csv
0.838186631,0.735836627,0.926970954,0.820418656,0.881192805,0.22,1117,1416,401,88,lr,weighted,over_sampled_residual_cnn_features_128.csv
0.824950364,0.712045169,0.941908714,0.81100393,0.884783287,0.14,1135,1358,459,70,xgboost,normal,over_sampled_residual_cnn_features_64.csv
0.855393779,0.762295082,0.926141079,0.836268265,0.887969446,0.23,1116,1469,348,89,lr,weighted,over_sampled_residual_cnn_features_256.csv
0.834215751,0.73655914,0.909543568,0.813962124,0.86873811,0.24,1096,1425,392,109,lr,weighted,under_sampled_residual_cnn_features_32.csv
0.817670417,0.705660377,0.931120332,0.802862254,0.875195008,0.18,1122,1349,468,83,lr,weighted,under_sampled_residual_cnn_features_64.csv
0.836532098,0.731596091,0.931950207,0.819708029,0.883556255,0.21,1123,1405,412,82,lr,weighted,under_sampled_residual_cnn_features_128.csv
0.863666446,0.780608634,0.915352697,0.84262796,0.884806674,0.27,1103,1507,310,102,lr,weighted,under_sampled_residual_cnn_features_256.csv
0.827266711,0.715185885,0.941908714,0.813037249,0.885749961,0.18,1135,1365,452,70,lr,weighted,weighted_residual_cnn_features_32.csv
0.768034414,0.640311804,0.954356846,0.766411196,0.8691052,0.14,1150,1171,646,55,lr,weighted,weighted_residual_cnn_features_64.csv
0.845135672,0.750850919,0.915352697,0.824981301,0.876927969,0.17,1103,1451,366,102,rf,normal,normal_residual_cnn_features_32.csv
0.82131039,0.706137632,0.945228216,0.808374734,0.88527903,0.12,1139,1343,474,66,xgboost,normal,over_sampled_residual_cnn_features_128.csv
0.81733951,0.702167183,0.941078838,0.804255319,0.881118881,0.18,1134,1336,481,71,lr,weighted,weighted_residual_cnn_features_128.csv
0.820979484,0.705445545,0.946058091,0.808224034,0.885643257,0.18,1140,1341,476,65,lr,weighted,weighted_residual_cnn_features_256.csv
0.839841165,0.736393443,0.931950207,0.822710623,0.884948779,0.13,1123,1415,402,82,xgboost,normal,over_sampled_residual_cnn_features_256.csv
0.804765056,0.68512944,0.94439834,0.794138172,0.877950933,0.13,1138,1294,523,67,xgboost,normal,under_sampled_residual_cnn_features_32.csv
0.804103243,0.683203825,0.948547718,0.794301598,0.880178654,0.11,1143,1287,530,62,xgboost,normal,under_sampled_residual_cnn_features_64.csv
0.829583058,0.720306513,0.936099585,0.814146518,0.883181961,0.13,1128,1379,438,77,xgboost,normal,under_sampled_residual_cnn_features_128.csv
0.858702846,0.770891365,0.918672199,0.838318819,0.884750639,0.17,1107,1488,329,98,xgboost,normal,under_sampled_residual_cnn_features_256.csv
0.831899404,0.726445744,0.92780083,0.814868805,0.879069036,0.16,1118,1396,421,87,rf,normal,normal_residual_cnn_features_64.csv
0.840502978,0.734283863,0.940248963,0.824599709,0.890303316,0.13,1133,1407,410,72,xgboost,normal,weighted_residual_cnn_features_32.csv
0.80641959,0.6908867,0.931120332,0.79321315,0.870577281,0.14,1122,1315,502,83,xgboost,normal,weighted_residual_cnn_features_64.csv
0.832892124,0.724935733,0.936099585,0.817095255,0.884567127,0.14,1128,1389,428,77,xgboost,normal,weighted_residual_cnn_features_128.csv
0.795168762,0.670745921,0.955186722,0.788086272,0.880507956,0.11,1151,1252,565,54,xgboost,normal,weighted_residual_cnn_features_256.csv
0.81039047,0.690591074,0.950207469,0.799860286,0.88376042,0.15,1145,1304,513,60,xgboost,under,normal_residual_cnn_features_32.csv
0.829252151,0.721258831,0.931950207,0.813178856,0.880508076,0.2,1123,1383,434,82,xgboost,under,normal_residual_cnn_features_64.csv
0.802448709,0.682254197,0.94439834,0.792203272,0.877003699,0.17,1138,1287,530,67,xgboost,under,normal_residual_cnn_features_128.csv
0.853739246,0.764013841,0.916182573,0.833207547,0.881085395,0.11,1104,1476,341,101,svm,normal,normal_residual_cnn_features_32.csv
0.822634017,0.708931918,0.941908714,0.808980756,0.88381872,0.19,1135,1351,466,70,xgboost,under,normal_residual_cnn_features_256.csv
0.816677697,0.704588309,0.930290456,0.8018598,0.874278584,0.15,1121,1347,470,84,rf,normal,normal_residual_cnn_features_128.csv
0.841495698,0.733590734,0.946058091,0.826386372,0.894257923,0.17,1140,1403,414,65,xgboost,under,over_sampled_residual_cnn_features_32.csv
0.827266711,0.71600253,0.939419087,0.812634602,0.884236838,0.22,1132,1368,449,73,xgboost,under,over_sampled_residual_cnn_features_64.csv
0.854070152,0.760572988,0.925311203,0.834893298,0.886891505,0.26,1115,1466,351,90,xgboost,under,over_sampled_residual_cnn_features_128.csv
0.849106552,0.754243041,0.921991701,0.829723674,0.882726839,0.23,1111,1455,362,94,xgboost,under,over_sampled_residual_cnn_features_256.csv
0.802117803,0.680332739,0.950207469,0.792936288,0.880362909,0.19,1145,1279,538,60,xgboost,under,under_sampled_residual_cnn_features_32.csv
0.804765056,0.684242061,0.947717842,0.794711204,0.879950686,0.16,1142,1290,527,63,xgboost,under,under_sampled_residual_cnn_features_64.csv
0.837855725,0.73381295,0.931120332,0.820775421,0.883603717,0.22,1122,1410,407,83,xgboost,under,under_sampled_residual_cnn_features_128.csv
0.858702846,0.769764216,0.921161826,0.838685304,0.886298307,0.26,1110,1485,332,95,xgboost,under,under_sampled_residual_cnn_features_256.csv
0.828590338,0.715360502,0.946887967,0.815,0.889321902,0.17,1141,1363,454,64,xgboost,under,weighted_residual_cnn_features_32.csv
0.793845136,0.673420739,0.937759336,0.783905654,0.869498307,0.19,1130,1269,548,75,xgboost,under,weighted_residual_cnn_features_64.csv
0.804765056,0.685352622,0.943568465,0.793994413,0.877450224,0.12,1137,1295,522,68,rf,normal,normal_residual_cnn_features_256.csv
0.846128392,0.747326203,0.92780083,0.82784154,0.885053832,0.25,1118,1439,378,87,xgboost,under,weighted_residual_cnn_features_128.csv
0.828259431,0.717363752,0.939419087,0.8135106,0.884651454,0.21,1132,1371,446,73,xgboost,under,weighted_residual_cnn_features_256.csv
0.82031767,0.706616729,0.939419087,0.806555041,0.881345375,0.15,1132,1347,470,73,xgboost,over,normal_residual_cnn_features_32.csv
0.839510258,0.738095238,0.926141079,0.821494295,0.881238155,0.21,1116,1421,396,89,xgboost,over,normal_residual_cnn_features_64.csv
0.828590338,0.712430427,0.956016598,0.81644224,0.894826783,0.1,1152,1352,465,53,rf,normal,over_sampled_residual_cnn_features_32.csv
0.831899404,0.72792675,0.923651452,0.814191661,0.876515987,0.21,1113,1401,416,92,xgboost,over,normal_residual_cnn_features_128.csv
0.826273991,0.714917826,0.938589212,0.811625404,0.883317713,0.18,1131,1366,451,74,xgboost,over,normal_residual_cnn_features_256.csv
0.822303111,0.702424242,0.961825726,0.811908932,0.895672334,0.11,1159,1326,491,46,xgboost,over,over_sampled_residual_cnn_features_32.csv
0.80939775,0.690490612,0.946058091,0.798319328,0.880853037,0.16,1140,1306,511,65,xgboost,over,over_sampled_residual_cnn_features_64.csv
0.824619457,0.711069418,0.943568465,0.810984308,0.885651971,0.17,1137,1355,462,68,xgboost,over,over_sampled_residual_cnn_features_128.csv
0.849437459,0.762237762,0.904564315,0.827324478,0.872,0.12,1090,1477,340,115,svm,normal,normal_residual_cnn_features_64.csv
0.852084712,0.76137931,0.916182573,0.831638418,0.880382775,0.23,1104,1471,346,101,xgboost,over,over_sampled_residual_cnn_features_256.csv
0.803772336,0.683673469,0.945228216,0.793451759,0.87804502,0.17,1139,1290,527,66,xgboost,over,under_sampled_residual_cnn_features_32.csv
0.799139643,0.676713948,0.950207469,0.790472903,0.879146192,0.14,1145,1270,547,60,xgboost,over,under_sampled_residual_cnn_features_64.csv
0.854731966,0.767458101,0.912033195,0.833522943,0.878918746,0.22,1099,1484,333,106,rf,normal,over_sampled_residual_cnn_features_64.csv
0.828590338,0.718650541,0.936929461,0.813400576,0.883273353,0.18,1129,1375,442,76,xgboost,over,under_sampled_residual_cnn_features_128.csv
0.865320979,0.784593438,0.912863071,0.843881857,0.883960141,0.27,1100,1515,302,105,xgboost,over,under_sampled_residual_cnn_features_256.csv
0.841826605,0.737116765,0.937759336,0.825420015,0.889343617,0.19,1130,1414,403,75,xgboost,over,weighted_residual_cnn_features_32.csv
0.794506949,0.673809524,0.939419087,0.7847487,0.870769231,0.17,1132,1269,548,73,xgboost,over,weighted_residual_cnn_features_64.csv
0.820648577,0.706028589,0.942738589,0.807391613,0.883496656,0.16,1136,1344,473,69,xgboost,over,weighted_residual_cnn_features_128.csv
0.80344143,0.683043739,0.946058091,0.793319415,0.878409616,0.15,1140,1288,529,65,xgboost,over,weighted_residual_cnn_features_256.csv
0.826935804,0.716645489,0.936099585,0.811802807,0.882076947,0.12,1128,1371,446,77,xgboost,weighted,normal_residual_cnn_features_32.csv
0.826273991,0.714105793,0.941078838,0.812030075,0.884831461,0.14,1134,1363,454,71,rf,normal,over_sampled_residual_cnn_features_128.csv
0.836201191,0.731421121,0.931120332,0.819277108,0.882908404,0.14,1122,1405,412,83,xgboost,weighted,normal_residual_cnn_features_64.csv
0.824288551,0.715473146,0.928630705,0.80823402,0.876409774,0.14,1119,1372,445,86,xgboost,weighted,normal_residual_cnn_features_128.csv
0.81436135,0.695863747,0.949377593,0.803088803,0.88490099,0.12,1144,1317,500,61,xgboost,weighted,normal_residual_cnn_features_256.csv
0.830906684,0.71579602,0.955186722,0.818343406,0.895301805,0.1,1151,1360,457,54,xgboost,weighted,over_sampled_residual_cnn_features_32.csv
0.824950364,0.712045169,0.941908714,0.81100393,0.884783287,0.14,1135,1358,459,70,xgboost,weighted,over_sampled_residual_cnn_features_64.csv
0.82131039,0.706137632,0.945228216,0.808374734,0.88527903,0.12,1139,1343,474,66,xgboost,weighted,over_sampled_residual_cnn_features_128.csv
0.81436135,0.698275862,0.941078838,0.801696713,0.879888268,0.12,1134,1327,490,71,rf,normal,over_sampled_residual_cnn_features_256.csv
0.839841165,0.736393443,0.931950207,0.822710623,0.884948779,0.13,1123,1415,402,82,xgboost,weighted,over_sampled_residual_cnn_features_256.csv
0.804765056,0.68512944,0.94439834,0.794138172,0.877950933,0.13,1138,1294,523,67,xgboost,weighted,under_sampled_residual_cnn_features_32.csv
0.804103243,0.683203825,0.948547718,0.794301598,0.880178654,0.11,1143,1287,530,62,xgboost,weighted,under_sampled_residual_cnn_features_64.csv
0.829583058,0.720306513,0.936099585,0.814146518,0.883181961,0.13,1128,1379,438,77,xgboost,weighted,under_sampled_residual_cnn_features_128.csv
0.858702846,0.770891365,0.918672199,0.838318819,0.884750639,0.17,1107,1488,329,98,xgboost,weighted,under_sampled_residual_cnn_features_256.csv
0.808735936,0.692449355,0.936099585,0.796047989,0.874554194,0.15,1128,1316,501,77,rf,normal,under_sampled_residual_cnn_features_32.csv
0.840502978,0.734283863,0.940248963,0.824599709,0.890303316,0.13,1133,1407,410,72,xgboost,weighted,weighted_residual_cnn_features_32.csv
0.80641959,0.6908867,0.931120332,0.79321315,0.870577281,0.14,1122,1315,502,83,xgboost,weighted,weighted_residual_cnn_features_64.csv
0.832892124,0.724935733,0.936099585,0.817095255,0.884567127,0.14,1128,1389,428,77,xgboost,weighted,weighted_residual_cnn_features_128.csv
0.795168762,0.670745921,0.955186722,0.788086272,0.880507956,0.11,1151,1252,565,54,xgboost,weighted,weighted_residual_cnn_features_256.csv
0.789543349,0.665889213,0.947717842,0.782191781,0.873756695,0.11,1142,1244,573,63,rf,normal,under_sampled_residual_cnn_features_64.csv
0.840833885,0.745590231,0.912033195,0.820455394,0.873053702,0.12,1099,1442,375,106,svm,normal,normal_residual_cnn_features_128.csv
0.827266711,0.719614148,0.928630705,0.810869565,0.877647059,0.14,1119,1381,436,86,rf,normal,under_sampled_residual_cnn_features_128.csv
0.842488418,0.740276862,0.931950207,0.825128582,0.886065962,0.15,1123,1423,394,82,rf,normal,under_sampled_residual_cnn_features_256.csv
0.80741231,0.687537628,0.947717842,0.796929518,0.881036877,0.11,1142,1298,519,63,rf,normal,weighted_residual_cnn_features_32.csv
0.789212442,0.66745283,0.939419087,0.780420545,0.868631062,0.14,1132,1253,564,73,rf,normal,weighted_residual_cnn_features_64.csv
0.807081403,0.686450839,0.950207469,0.797076227,0.882398274,0.12,1145,1294,523,60,rf,normal,weighted_residual_cnn_features_128.csv
0.802448709,0.682912154,0.941908714,0.791768399,0.875501388,0.13,1135,1290,527,70,rf,normal,weighted_residual_cnn_features_256.csv
0.847452019,0.758333333,0.906224066,0.825708885,0.872204473,0.12,1092,1469,348,113,svm,normal,normal_residual_cnn_features_256.csv
0.826273991,0.717113665,0.931950207,0.810537712,0.879267147,0.2,1123,1374,443,82,rf,under,normal_residual_cnn_features_32.csv
0.840172071,0.741633199,0.919502075,0.821044831,0.877415268,0.26,1108,1431,386,97,rf,under,normal_residual_cnn_features_64.csv
0.865320979,0.785816619,0.910373444,0.843521722,0.882400257,0.1,1097,1518,299,108,svm,normal,over_sampled_residual_cnn_features_32.csv
0.814692257,0.700934579,0.933609959,0.800711744,0.875486381,0.22,1125,1337,480,80,rf,under,normal_residual_cnn_features_128.csv
0.795168762,0.672352941,0.948547718,0.786919105,0.876533742,0.16,1143,1260,557,62,rf,under,normal_residual_cnn_features_256.csv
0.821972204,0.70347773,0.956846473,0.810829817,0.892553027,0.14,1153,1331,486,52,rf,under,over_sampled_residual_cnn_features_32.csv
0.842157512,0.742343542,0.925311203,0.823790174,0.881841189,0.12,1115,1430,387,90,svm,normal,over_sampled_residual_cnn_features_64.csv
0.842819325,0.744966443,0.921161826,0.823747681,0.87955626,0.29,1110,1437,380,95,rf,under,over_sampled_residual_cnn_features_64.csv
0.822634017,0.709455229,0.940248963,0.808708066,0.882811283,0.2,1133,1353,464,72,rf,under,over_sampled_residual_cnn_features_128.csv
0.797816016,0.673887588,0.955186722,0.790250601,0.88158701,0.15,1151,1260,557,54,rf,under,over_sampled_residual_cnn_features_256.csv
0.812045003,0.698195395,0.931120332,0.798008535,0.872880037,0.23,1122,1332,485,83,rf,under,under_sampled_residual_cnn_features_32.csv
0.814692257,0.70194114,0.930290456,0.800142755,0.873461119,0.21,1121,1341,476,84,rf,under,under_sampled_residual_cnn_features_64.csv
0.823626737,0.712927757,0.933609959,0.808480057,0.879180994,0.2,1125,1364,453,80,rf,under,under_sampled_residual_cnn_features_128.csv
0.844473858,0.748478702,0.918672199,0.824888227,0.878710906,0.11,1107,1445,372,98,svm,normal,over_sampled_residual_cnn_features_128.csv
0.822303111,0.709273183,0.939419087,0.808282756,0.882169576,0.2,1132,1353,464,73,rf,under,under_sampled_residual_cnn_features_256.csv
0.820979484,0.706724782,0.941908714,0.8075418,0.88313103,0.19,1135,1346,471,70,rf,under,weighted_residual_cnn_features_32.csv
0.780277962,0.655549166,0.946058091,0.774456522,0.869034914,0.19,1140,1218,599,65,rf,under,weighted_residual_cnn_features_64.csv
0.790536069,0.663615561,0.962655602,0.78564172,0.883069428,0.15,1160,1229,588,45,rf,under,weighted_residual_cnn_features_128.csv
0.800794176,0.68,0.945228216,0.790972222,0.876828329,0.19,1139,1281,536,66,rf,under,weighted_residual_cnn_features_256.csv
0.821641297,0.710493047,0.932780083,0.806602081,0.877850672,0.13,1124,1359,458,81,rf,over,normal_residual_cnn_features_32.csv
0.837855725,0.739130435,0.917012448,0.818518519,0.874901029,0.19,1105,1427,390,100,rf,over,normal_residual_cnn_features_64.csv
0.841495698,0.744609164,0.917012448,0.821866865,0.876427665,0.11,1105,1438,379,100,svm,normal,over_sampled_residual_cnn_features_256.csv
0.822634017,0.714836224,0.923651452,0.805937726,0.872667398,0.17,1113,1373,444,92,rf,over,normal_residual_cnn_features_128.csv
0.835539378,0.742798354,0.898755187,0.813368382,0.862535839,0.13,1083,1442,375,122,svm,normal,under_sampled_residual_cnn_features_32.csv
0.787888815,0.662817552,0.952697095,0.781750085,0.876068376,0.1,1148,1233,584,57,rf,over,normal_residual_cnn_features_256.csv
0.823626737,0.706642066,0.953526971,0.811727305,0.891250388,0.1,1149,1340,477,56,rf,over,over_sampled_residual_cnn_features_32.csv
0.831568498,0.725388601,0.929460581,0.814841761,0.879949717,0.18,1120,1393,424,85,rf,over,over_sampled_residual_cnn_features_64.csv
0.850761085,0.763268156,0.907053942,0.828972317,0.874120282,0.12,1093,1478,339,112,svm,normal,under_sampled_residual_cnn_features_64.csv
0.802117803,0.679479598,0.953526971,0.793508287,0.882352941,0.11,1149,1275,542,56,rf,over,over_sampled_residual_cnn_features_128.csv
0.795168762,0.671746776,0.951037344,0.787358296,0.878026356,0.1,1146,1257,560,59,rf,over,over_sampled_residual_cnn_features_256.csv
0.795499669,0.674183976,0.942738589,0.78615917,0.873174481,0.14,1136,1268,549,69,rf,over,under_sampled_residual_cnn_features_32.csv
0.848775645,0.754421769,0.92033195,0.829158879,0.881558029,0.11,1109,1456,361,96,svm,normal,under_sampled_residual_cnn_features_128.csv
0.831237591,0.725795971,0.926970954,0.814139942,0.878282749,0.17,1117,1395,422,88,rf,over,under_sampled_residual_cnn_features_64.csv
0.828921244,0.722797927,0.926141079,0.811931611,0.87680704,0.15,1116,1389,428,89,rf,over,under_sampled_residual_cnn_features_128.csv
0.817008604,0.701732673,0.941078838,0.803970223,0.880981976,0.13,1134,1335,482,71,rf,over,under_sampled_residual_cnn_features_256.csv
0.81336863,0.694596236,0.949377593,0.802244039,0.88449049,0.12,1144,1314,503,61,rf,over,weighted_residual_cnn_features_32.csv
0.792521509,0.670400943,0.943568465,0.783867632,0.872467772,0.14,1137,1258,559,68,rf,over,weighted_residual_cnn_features_64.csv
0.849106552,0.757388316,0.914522822,0.828571429,0.878087649,0.11,1102,1464,353,103,svm,normal,under_sampled_residual_cnn_features_256.csv
0.801125083,0.678486998,0.952697095,0.792544011,0.881449631,0.11,1148,1273,544,57,rf,over,weighted_residual_cnn_features_128.csv
0.856386499,0.768641115,0.915352697,0.835606061,0.881694644,0.11,1103,1485,332,102,svm,normal,weighted_residual_cnn_features_32.csv
0.823295831,0.714926329,0.926141079,0.806941432,0.874471086,0.16,1116,1372,445,89,rf,over,weighted_residual_cnn_features_256.csv
0.82131039,0.710576314,0.931120332,0.806034483,0.876699484,0.13,1122,1360,457,83,rf,weighted,normal_residual_cnn_features_32.csv
0.819986764,0.708254568,0.932780083,0.805157593,0.8771656,0.14,1124,1354,463,81,rf,weighted,normal_residual_cnn_features_64.csv
0.839510258,0.750696379,0.894605809,0.81635744,0.86157289,0.13,1078,1459,358,127,svm,normal,weighted_residual_cnn_features_64.csv
0.817670417,0.705919395,0.930290456,0.802721088,0.87468789,0.15,1121,1350,467,84,rf,weighted,normal_residual_cnn_features_128.csv
0.805095963,0.685990338,0.942738589,0.794127927,0.87708462,0.12,1136,1297,520,69,rf,weighted,normal_residual_cnn_features_256.csv
0.833223031,0.72002511,0.95186722,0.819871337,0.894277249,0.11,1147,1371,446,58,rf,weighted,over_sampled_residual_cnn_features_32.csv
0.833884844,0.728098637,0.931120332,0.817188638,0.881936802,0.17,1122,1398,419,83,rf,weighted,over_sampled_residual_cnn_features_64.csv
0.850430179,0.758762887,0.916182573,0.830075188,0.879681275,0.12,1104,1466,351,101,svm,normal,weighted_residual_cnn_features_128.csv
0.833223031,0.725401929,0.936099585,0.817391304,0.884705882,0.15,1128,1390,427,77,rf,weighted,over_sampled_residual_cnn_features_128.csv
0.796161482,0.672524897,0.952697095,0.788461538,0.879423931,0.1,1148,1258,559,57,rf,weighted,over_sampled_residual_cnn_features_256.csv
0.816015884,0.703193488,0.931950207,0.801570307,0.87501948,0.16,1123,1343,474,82,rf,weighted,under_sampled_residual_cnn_features_32.csv
0.818001324,0.706104468,0.931120332,0.803149606,0.875331565,0.14,1122,1350,467,83,rf,weighted,under_sampled_residual_cnn_features_64.csv
0.841826605,0.745111261,0.917012448,0.822172619,0.876566714,0.17,1105,1439,378,100,rf,weighted,under_sampled_residual_cnn_features_128.csv
0.838848445,0.73587385,0.929460581,0.821415475,0.883002208,0.15,1120,1415,402,85,rf,weighted,under_sampled_residual_cnn_features_256.csv
0.844473858,0.753973739,0.905394191,0.822775264,0.870432424,0.12,1091,1461,356,114,svm,normal,weighted_residual_cnn_features_256.csv
0.837855725,0.73381295,0.931120332,0.820775421,0.883603717,0.15,1122,1410,407,83,rf,weighted,weighted_residual_cnn_features_32.csv
0.834215751,0.728868661,0.930290456,0.817353263,0.88156653,0.14,1121,1400,417,84,svm,under,normal_residual_cnn_features_32.csv
0.793845136,0.67280285,0.940248963,0.784354448,0.87100246,0.14,1133,1266,551,72,rf,weighted,weighted_residual_cnn_features_64.csv
0.80443415,0.6829559,0.951037344,0.795005203,0.881809788,0.12,1146,1285,532,59,rf,weighted,weighted_residual_cnn_features_128.csv
0.841164792,0.741827885,0.922821577,0.822485207,0.879886058,0.17,1112,1430,387,93,svm,under,normal_residual_cnn_features_64.csv
0.81138319,0.695384615,0.937759336,0.798586572,0.876648565,0.14,1130,1322,495,75,rf,weighted,weighted_residual_cnn_features_256.csv
0.81039047,0.696029777,0.931120332,0.796592119,0.872201493,0.14,1122,1327,490,83,svm,under,normal_residual_cnn_features_128.csv
0.802779616,0.682882883,0.943568465,0.792334495,0.876638396,0.13,1137,1289,528,68,svm,under,normal_residual_cnn_features_256.csv
0.836532098,0.725714286,0.948547718,0.822302158,0.893666927,0.1,1143,1385,432,62,svm,under,over_sampled_residual_cnn_features_32.csv
0.831899404,0.727035831,0.926141079,0.81459854,0.87804878,0.17,1116,1398,419,89,svm,under,over_sampled_residual_cnn_features_64.csv
0.824619457,0.712665406,0.938589212,0.81017192,0.882628375,0.13,1131,1361,456,74,svm,under,over_sampled_residual_cnn_features_128.csv
0.822634017,0.710245129,0.937759336,0.808297568,0.881297769,0.14,1130,1356,461,75,svm,under,over_sampled_residual_cnn_features_256.csv
0.793183322,0.672619048,0.937759336,0.783362218,0.869230769,0.14,1130,1267,550,75,svm,under,under_sampled_residual_cnn_features_32.csv
0.80840503,0.691789216,0.936929461,0.795911174,0.874922505,0.13,1129,1314,503,76,svm,under,under_sampled_residual_cnn_features_64.csv
0.824950364,0.713924051,0.936099585,0.81005386,0.88125,0.13,1128,1365,452,77,svm,under,under_sampled_residual_cnn_features_128.csv
0.837524818,0.734868421,0.926970954,0.819816514,0.880914826,0.15,1117,1414,403,88,svm,under,under_sampled_residual_cnn_features_256.csv
0.831237591,0.721478649,0.939419087,0.816149964,0.885897637,0.13,1132,1380,437,73,svm,under,weighted_residual_cnn_features_32.csv
0.814692257,0.705807275,0.917842324,0.797979798,0.865821199,0.16,1106,1356,461,99,svm,under,weighted_residual_cnn_features_64.csv
0.854401059,0.764340014,0.917842324,0.834087481,0.882399872,0.21,1106,1476,341,99,svm,under,weighted_residual_cnn_features_128.csv
0.817008604,0.705031447,0.930290456,0.802146691,0.874414977,0.14,1121,1348,469,84,svm,under,weighted_residual_cnn_features_256.csv
0.820648577,0.705772812,0.943568465,0.807528409,0.883999378,0.12,1137,1343,474,68,svm,over,normal_residual_cnn_features_32.csv
0.844142952,0.747304582,0.92033195,0.824841949,0.879600254,0.17,1109,1442,375,96,svm,over,normal_residual_cnn_features_64.csv
0.802779616,0.682008368,0.946887967,0.792911744,0.878638534,0.13,1141,1285,532,64,svm,over,normal_residual_cnn_features_128.csv
0.808735936,0.690115221,0.94439834,0.797477225,0.879579533,0.13,1138,1306,511,67,svm,over,normal_residual_cnn_features_256.csv
0.839179351,0.731487444,0.942738589,0.823785352,0.891260003,0.1,1136,1400,417,69,svm,over,over_sampled_residual_cnn_features_32.csv
0.830244871,0.723225806,0.930290456,0.813793103,0.879905808,0.16,1121,1388,429,84,svm,over,over_sampled_residual_cnn_features_64.csv
0.821641297,0.707089552,0.943568465,0.80838962,0.884411948,0.12,1137,1346,471,68,svm,over,over_sampled_residual_cnn_features_128.csv
0.817008604,0.702736318,0.937759336,0.803412727,0.878967019,0.13,1130,1339,478,75,svm,over,over_sampled_residual_cnn_features_256.csv
0.800794176,0.682175227,0.936929461,0.78951049,0.871814672,0.14,1129,1291,526,76,svm,over,under_sampled_residual_cnn_features_32.csv
0.826604897,0.719819238,0.925311203,0.8097313,0.875333647,0.14,1115,1383,434,90,svm,over,under_sampled_residual_cnn_features_64.csv
0.820979484,0.70802005,0.937759336,0.806854695,0.880610973,0.12,1130,1351,466,75,svm,over,under_sampled_residual_cnn_features_128.csv
0.830906684,0.723294723,0.932780083,0.814787967,0.881706934,0.13,1124,1387,430,81,svm,over,under_sampled_residual_cnn_features_256.csv
0.826935804,0.71419598,0.943568465,0.813013944,0.88661884,0.12,1137,1362,455,68,svm,over,weighted_residual_cnn_features_32.csv
0.814030443,0.704126984,0.92033195,0.797841727,0.867083659,0.15,1109,1351,466,96,svm,over,weighted_residual_cnn_features_64.csv
0.821972204,0.708567855,0.940248963,0.808131241,0.882536221,0.13,1133,1351,466,72,svm,over,weighted_residual_cnn_features_128.csv
0.832230311,0.729002625,0.921991701,0.814217662,0.875630517,0.15,1111,1404,413,94,svm,over,weighted_residual_cnn_features_256.csv
0.845797485,0.748821549,0.922821577,0.826765799,0.88183981,0.11,1112,1444,373,93,svm,weighted,normal_residual_cnn_features_32.csv
0.845135672,0.748482805,0.921161826,0.825892857,0.880533079,0.12,1110,1444,373,95,svm,weighted,normal_residual_cnn_features_64.csv
0.81833223,0.707332491,0.928630705,0.803013994,0.873945642,0.1,1119,1354,463,86,svm,weighted,normal_residual_cnn_features_128.csv
0.827266711,0.719050674,0.930290456,0.811143271,0.878664367,0.1,1121,1379,438,84,svm,weighted,normal_residual_cnn_features_256.csv
0.857379219,0.767265193,0.921991701,0.837542405,0.886247607,0.1,1111,1480,337,94,svm,weighted,over_sampled_residual_cnn_features_32.csv
0.834215751,0.730366492,0.926141079,0.816684962,0.879017013,0.12,1116,1405,412,89,svm,weighted,over_sampled_residual_cnn_features_64.csv
0.831899404,0.725858717,0.929460581,0.815138282,0.880088009,0.1,1120,1394,423,85,svm,weighted,over_sampled_residual_cnn_features_128.csv
0.833223031,0.72863666,0.926970954,0.815924032,0.87911223,0.11,1117,1401,416,88,svm,weighted,over_sampled_residual_cnn_features_256.csv
0.800463269,0.68220339,0.93526971,0.788939447,0.870673671,0.1,1127,1292,525,78,svm,weighted,under_sampled_residual_cnn_features_32.csv
0.826935804,0.720284238,0.925311203,0.810025427,0.875471106,0.1,1115,1384,433,90,svm,weighted,under_sampled_residual_cnn_features_64.csv
0.835539378,0.732283465,0.926141079,0.817882008,0.879571248,0.1,1116,1409,408,89,svm,weighted,under_sampled_residual_cnn_features_128.csv
0.835870285,0.732154551,0.92780083,0.818448023,0.880731054,0.1,1118,1408,409,87,svm,weighted,under_sampled_residual_cnn_features_256.csv
0.841164792,0.738958471,0.930290456,0.823659074,0.884487928,0.1,1121,1421,396,84,svm,weighted,weighted_residual_cnn_features_32.csv
0.816015884,0.707879564,0.917012448,0.798987708,0.865851747,0.11,1105,1361,456,100,svm,weighted,weighted_residual_cnn_features_64.csv
0.851753805,0.760137457,0.917842324,0.831578947,0.8812749,0.14,1106,1468,349,99,svm,weighted,weighted_residual_cnn_features_128.csv
0.824950364,0.716944801,0.926970954,0.80854144,0.875666353,0.1,1117,1376,441,88,svm,weighted,weighted_residual_cnn_features_256.csv
0.830514096,0.720870679,0.93755204,0.815056098,0.8843858,0.16,1126,1378,436,75,lr,normal,normal_1d_cnn_features_32.csv
0.862023217,0.772002772,0.927560366,0.842662632,0.891627981,0.18,1114,1485,329,87,lr,normal,normal_1d_cnn_features_64.csv
0.864344942,0.775766017,0.927560366,0.844899507,0.892628205,0.19,1114,1492,322,87,lr,normal,normal_1d_cnn_features_128.csv
0.823548922,0.715945771,0.923397169,0.806545455,0.872815992,0.17,1109,1374,440,92,lr,normal,normal_1d_cnn_features_256.csv
0.863681592,0.775837989,0.925062448,0.843904292,0.890795382,0.19,1111,1493,321,90,lr,normal,over_sampled_1d_cnn_features_32.csv
0.850414594,0.753378378,0.928393006,0.831779187,0.887173775,0.16,1115,1449,365,86,lr,normal,over_sampled_1d_cnn_features_64.csv
0.848756219,0.748498999,0.934221482,0.831111111,0.890052356,0.14,1122,1437,377,79,lr,normal,over_sampled_1d_cnn_features_128.csv
0.848092869,0.747501666,0.934221482,0.830495929,0.889770024,0.16,1122,1435,379,79,lr,normal,over_sampled_1d_cnn_features_256.csv
0.837147595,0.732026144,0.932556203,0.820212376,0.884117461,0.17,1120,1404,410,81,lr,normal,under_sampled_1d_cnn_features_32.csv
0.848092869,0.751523358,0.924229808,0.828976848,0.883617258,0.19,1110,1447,367,91,lr,normal,under_sampled_1d_cnn_features_64.csv
0.851741294,0.760719225,0.915903414,0.831129581,0.88,0.21,1100,1468,346,101,lr,normal,under_sampled_1d_cnn_features_128.csv
0.841791045,0.739101717,0.931723564,0.824309392,0.885565052,0.16,1119,1419,395,82,lr,normal,under_sampled_1d_cnn_features_256.csv
0.853399668,0.760466712,0.92256453,0.833709556,0.884842677,0.2,1108,1465,349,93,lr,normal,weighted_1d_cnn_features_32.csv
0.846102819,0.750850919,0.918401332,0.826217228,0.879164674,0.19,1103,1448,366,98,lr,normal,weighted_1d_cnn_features_64.csv
0.853731343,0.759208731,0.926727727,0.834645669,0.887559809,0.19,1113,1461,353,88,lr,normal,weighted_1d_cnn_features_128.csv
0.839800995,0.73587385,0.932556203,0.822622108,0.885235536,0.16,1120,1412,402,81,lr,normal,weighted_1d_cnn_features_256.csv
0.8431177446102819,0.7423435419440746,0.9283930058284764,0.825009248982612,0.8840786552489692,0.2499999999999999,1115,1427,387,86,lr,under,normal_1d_cnn_features_32.csv
0.8643449419568823,0.7776998597475456,0.9233971690258118,0.8443090978302246,0.8900481540930979,0.2599999999999999,1109,1497,317,92,lr,under,normal_1d_cnn_features_64.csv
0.8616915422885573,0.7714681440443213,0.9275603663613656,0.8423440453686201,0.8914852752880922,0.2599999999999999,1114,1484,330,87,lr,under,normal_1d_cnn_features_128.csv
0.8069651741293532,0.6904615384615385,0.9342214820982516,0.7940552016985138,0.8726084927671488,0.2099999999999999,1122,1311,503,79,lr,under,normal_1d_cnn_features_256.csv
0.8577114427860697,0.7643835616438356,0.929225645295587,0.8387824126268321,0.8908045977011494,0.2499999999999999,1116,1470,344,85,lr,under,over_sampled_1d_cnn_features_32.csv
0.8325041459369817,0.7219387755102041,0.9425478767693588,0.8176236908631275,0.8882611424984307,0.1799999999999999,1132,1378,436,69,lr,under,over_sampled_1d_cnn_features_64.csv
0.852072968490879,0.7552400270453009,0.9300582847626978,0.8335820895522388,0.8889065732930129,0.2099999999999999,1117,1452,362,84,lr,under,over_sampled_1d_cnn_features_128.csv
0.8540630182421227,0.7590197413206263,0.9283930058284764,0.8352059925093633,0.8887294755300494,0.2399999999999999,1115,1460,354,86,lr,under,over_sampled_1d_cnn_features_256.csv
0.8407960199004975,0.737953795379538,0.9308909242298083,0.8232695139911634,0.8846336445640133,0.2399999999999999,1118,1417,397,83,lr,under,under_sampled_1d_cnn_features_32.csv
0.8507462686567164,0.7563139931740614,0.922564529558701,0.8312078019504876,0.8837135109267826,0.2699999999999999,1108,1457,357,93,lr,under,under_sampled_1d_cnn_features_64.csv
0.845771144278607,0.7503401360544217,0.9184013322231472,0.8259078996630476,0.8790245457443417,0.2699999999999999,1103,1447,367,98,lr,under,under_sampled_1d_cnn_features_128.csv
0.820563847429519,0.7042079207920792,0.9475437135720232,0.8079517216897408,0.8862928348909658,0.1799999999999999,1138,1336,478,63,lr,under,under_sampled_1d_cnn_features_256.csv
0.8497512437810946,0.7530446549391069,0.9267277268942548,0.8309070548712206,0.8858643744030563,0.2599999999999999,1113,1449,365,88,lr,under,weighted_1d_cnn_features_32.csv
0.8228855721393035,0.7114774889029803,0.9342214820982516,0.8077753779697624,0.8791725434884814,0.2099999999999999,1122,1359,455,79,lr,under,weighted_1d_cnn_features_64.csv
0.8470978441127694,0.7463382157123835,0.9333888426311407,0.82944876063633,0.8888360291785601,0.2399999999999999,1121,1433,381,80,lr,under,weighted_1d_cnn_features_128.csv
0.8348258706467662,0.7266279819471309,0.9383846794338052,0.8190406976744186,0.8867033831628639,0.2099999999999999,1127,1390,424,74,lr,under,weighted_1d_cnn_features_256.csv
0.8258706467661692,0.713653603034134,0.9400499583680266,0.8113546532518865,0.8839649232696524,0.2099999999999999,1129,1361,453,72,lr,over,normal_1d_cnn_features_32.csv
0.8560530679933664,0.7603530210454854,0.93255620316403,0.837696335078534,0.8921459295841963,0.2299999999999999,1120,1461,353,81,lr,over,normal_1d_cnn_features_64.csv
0.8543946932006633,0.7574324324324324,0.9333888426311407,0.8362551286833271,0.8919478039465308,0.2299999999999999,1121,1455,359,80,lr,over,normal_1d_cnn_features_128.csv
0.8175787728026535,0.7056222362602653,0.9300582847626978,0.8024425287356322,0.8744324408955692,0.2199999999999999,1117,1348,466,84,lr,over,normal_1d_cnn_features_256.csv
0.8643449419568823,0.7769230769230769,0.9250624479600332,0.8445458000760168,0.8910811677895413,0.2599999999999999,1111,1495,319,90,lr,over,over_sampled_1d_cnn_features_32.csv
0.8494195688225539,0.7511768661735037,0.9300582847626978,0.8311011904761905,0.8877761882053727,0.2099999999999999,1117,1444,370,84,lr,over,over_sampled_1d_cnn_features_64.csv
0.8527363184079602,0.7552258934592043,0.93255620316403,0.834575260804769,0.890726896771115,0.1999999999999999,1120,1451,363,81,lr,over,over_sampled_1d_cnn_features_128.csv
0.8603648424543947,0.7697095435684648,0.9267277268942548,0.8409520211560257,0.8904,0.2499999999999999,1113,1481,333,88,lr,over,over_sampled_1d_cnn_features_256.csv
0.8603648424543947,0.7742616033755274,0.916736053288926,0.8394967594357606,0.884195309990363,0.2899999999999999,1101,1493,321,100,lr,over,under_sampled_1d_cnn_features_32.csv
0.8567164179104477,0.7660899653979238,0.9217318900915904,0.8367346938775511,0.885741718674988,0.2799999999999999,1107,1476,338,94,lr,over,under_sampled_1d_cnn_features_64.csv
0.8676616915422886,0.7931286549707602,0.903413821815154,0.8446866485013624,0.8789695398574207,0.3499999999999998,1085,1531,283,116,lr,over,under_sampled_1d_cnn_features_128.csv
0.8407960199004975,0.7370151216305062,0.9333888426311407,0.8236590742101396,0.8861660079051383,0.2099999999999999,1121,1414,400,80,lr,over,under_sampled_1d_cnn_features_256.csv
0.8553897180762853,0.7643400138217,0.9208992506244796,0.8353474320241692,0.8846584546472565,0.2799999999999999,1106,1473,341,95,lr,over,weighted_1d_cnn_features_32.csv
0.8500829187396352,0.7577426015141088,0.916736053288926,0.8296910324039186,0.8798146076394439,0.2699999999999999,1101,1462,352,100,lr,over,weighted_1d_cnn_features_64.csv
0.848424543946932,0.7493297587131368,0.9308909242298083,0.8303007797994801,0.8878653113087674,0.2399999999999999,1118,1440,374,83,lr,over,weighted_1d_cnn_features_128.csv
0.8384742951907131,0.7333333333333333,0.9342214820982516,0.8216770413767851,0.8856962425007894,0.2099999999999999,1122,1406,408,79,lr,over,weighted_1d_cnn_features_256.csv
0.861028192371476,0.7761299435028248,0.9150707743547044,0.8398930072602216,0.8834405144694534,0.2199999999999999,1099,1497,317,102,lr,weighted,normal_1d_cnn_features_32.csv
0.866334991708126,0.7805907172995781,0.9242298084929226,0.8463591307662981,0.8914230645679408,0.1899999999999999,1110,1502,312,91,lr,weighted,normal_1d_cnn_features_64.csv
0.8577114427860697,0.7640218878248974,0.9300582847626978,0.8389034923019152,0.8913182253431217,0.1799999999999999,1117,1469,345,84,lr,weighted,normal_1d_cnn_features_128.csv
0.814262023217247,0.7011927181418707,0.9300582847626978,0.7995705082319255,0.8730654994528685,0.1599999999999999,1117,1338,476,84,lr,weighted,normal_1d_cnn_features_256.csv
0.863681592039801,0.7758379888268156,0.9250624479600332,0.8439042916824915,0.890795381654907,0.1899999999999999,1111,1493,321,90,lr,weighted,over_sampled_1d_cnn_features_32.csv
0.8490878938640133,0.7513477088948787,0.9283930058284764,0.8305400372439479,0.8866094147582697,0.1599999999999999,1115,1445,369,86,lr,weighted,over_sampled_1d_cnn_features_64.csv
0.8533996683250414,0.7576374745417516,0.929225645295587,0.8347045624532535,0.8889596941213955,0.1499999999999999,1116,1457,357,85,lr,weighted,over_sampled_1d_cnn_features_128.csv
0.8616915422885573,0.7726008344923505,0.9250624479600332,0.8419856006062902,0.8899391220762576,0.1899999999999999,1111,1487,327,90,lr,weighted,over_sampled_1d_cnn_features_256.csv
0.8384742951907131,0.7336387434554974,0.9333888426311407,0.8215463539758153,0.88518635502211,0.1699999999999999,1121,1407,407,80,lr,weighted,under_sampled_1d_cnn_features_32.csv
0.8467661691542289,0.74949358541526,0.9242298084929226,0.8277404921700223,0.883054892601432,0.1899999999999999,1110,1443,371,91,lr,weighted,under_sampled_1d_cnn_features_64.csv
0.8517412935323383,0.7607192254495159,0.9159034138218152,0.831129580657348,0.88,0.2099999999999999,1100,1468,346,101,lr,weighted,under_sampled_1d_cnn_features_128.csv
0.8414593698175787,0.7386138613861386,0.9317235636969192,0.8240058910162003,0.8854249090045894,0.1599999999999999,1119,1418,396,82,lr,weighted,under_sampled_1d_cnn_features_256.csv
0.8500829187396352,0.7542430414120842,0.9250624479600332,0.8309648466716529,0.8849768997928947,0.1899999999999999,1111,1452,362,90,lr,weighted,weighted_1d_cnn_features_32.csv
0.8461028192371476,0.7505098572399728,0.919233971690258,0.8263473053892215,0.8796812749003984,0.1899999999999999,1104,1447,367,97,lr,weighted,weighted_1d_cnn_features_64.csv
0.8487562189054726,0.7501678979180658,0.9300582847626978,0.8304832713754647,0.8874940409979342,0.1799999999999999,1117,1442,372,84,lr,weighted,weighted_1d_cnn_features_128.csv
0.8411276948590382,0.7378129117259552,0.93255620316403,0.8238322912835602,0.8857956342929453,0.1599999999999999,1120,1416,398,81,lr,weighted,weighted_1d_cnn_features_256.csv
0.8577114427860697,0.7665745856353591,0.9242298084929226,0.8380520951302378,0.8877159309021113,0.1499999999999999,1110,1476,338,91,rf,normal,normal_1d_cnn_features_32.csv
0.8567164179104477,0.7653554175293306,0.9233971690258118,0.8369811320754716,0.8867743483128099,0.1399999999999999,1109,1474,340,92,rf,normal,normal_1d_cnn_features_64.csv
0.8593698175787728,0.7714884696016772,0.919233971690258,0.8389057750759878,0.8853247794707297,0.13,1104,1487,327,97,rf,normal,normal_1d_cnn_features_128.csv
0.8411276948590382,0.7489655172413793,0.9042464612822648,0.8193134666163712,0.868244323632875,0.1799999999999999,1086,1450,364,115,rf,normal,normal_1d_cnn_features_256.csv
0.8504145936981757,0.7520161290322581,0.9317235636969192,0.8322796578653775,0.8892244119516847,0.11,1119,1445,369,82,rf,normal,over_sampled_1d_cnn_features_32.csv
0.851077943615257,0.7533692722371967,0.9308909242298083,0.8327746741154562,0.8889949109414759,0.1,1118,1448,366,83,rf,normal,over_sampled_1d_cnn_features_64.csv
0.8683250414593698,0.7871428571428571,0.9175686927560366,0.8473663975394079,0.8881366860090264,0.12,1102,1516,298,99,rf,normal,over_sampled_1d_cnn_features_128.csv
0.851077943615257,0.7561307901907357,0.9242298084929226,0.8317721993255901,0.8848852040816326,0.12,1110,1456,358,91,rf,normal,over_sampled_1d_cnn_features_256.csv
0.8398009950248756,0.7368073878627969,0.9300582847626978,0.8222304011777696,0.8837025316455697,0.13,1117,1415,399,84,rf,normal,under_sampled_1d_cnn_features_32.csv
0.8477611940298507,0.7530695770804912,0.919233971690258,0.8278965129358831,0.8803827751196173,0.1499999999999999,1104,1452,362,97,rf,normal,under_sampled_1d_cnn_features_64.csv
0.851077943615257,0.760027662517289,0.9150707743547044,0.8303740083112958,0.8792,0.1699999999999999,1099,1467,347,102,rf,normal,under_sampled_1d_cnn_features_128.csv
0.8477611940298507,0.7496635262449529,0.9275603663613656,0.8291775213993301,0.8855325914149443,0.12,1114,1442,372,87,rf,normal,under_sampled_1d_cnn_features_256.csv
0.8470978441127694,0.7493261455525606,0.925895087427144,0.8283054003724395,0.8842239185750637,0.1399999999999999,1112,1442,372,89,rf,normal,weighted_1d_cnn_features_32.csv
0.8354892205638474,0.7314510833880499,0.9275603663613656,0.8179148311306902,0.8803540382487751,0.13,1114,1405,409,87,rf,normal,weighted_1d_cnn_features_64.csv
0.8381426202321725,0.7340774786605384,0.9308909242298083,0.8208516886930984,0.8835150940414098,0.12,1118,1409,405,83,rf,normal,weighted_1d_cnn_features_128.csv
0.8650082918739636,0.7819602272727273,0.916736053288926,0.8440015331544654,0.8861880231809401,0.1499999999999999,1101,1507,307,100,rf,normal,weighted_1d_cnn_features_256.csv
0.8623548922056384,0.7736768802228412,0.9250624479600332,0.8426241941600303,0.8902243589743589,0.2499999999999999,1111,1489,325,90,rf,under,normal_1d_cnn_features_32.csv
0.8514096185737977,0.7538772757923129,0.9308909242298083,0.8330849478390462,0.8891363130268809,0.2099999999999999,1118,1449,365,83,rf,under,normal_1d_cnn_features_64.csv
0.8935323383084577,0.8464566929133859,0.8950874271440467,0.8700930797248078,0.8849193282844913,0.4299999999999998,1075,1619,195,126,rf,under,normal_1d_cnn_features_128.csv
0.8119402985074626,0.7001262626262627,0.9233971690258118,0.7964093357271095,0.8680338134001252,0.1999999999999999,1109,1339,475,92,rf,under,normal_1d_cnn_features_256.csv
0.8540630182421227,0.7586675730795377,0.929225645295587,0.8353293413173652,0.8892430278884462,0.1799999999999999,1116,1459,355,85,rf,under,over_sampled_1d_cnn_features_32.csv
0.8633499170812604,0.7768421052631579,0.9217318900915904,0.8431073876618431,0.8885856477765292,0.2099999999999999,1107,1496,318,94,rf,under,over_sampled_1d_cnn_features_64.csv
0.8524046434494196,0.7550607287449392,0.9317235636969192,0.8341408870667164,0.8900731784918867,0.1399999999999999,1119,1451,363,82,rf,under,over_sampled_1d_cnn_features_128.csv
0.8388059701492537,0.7332028701891715,0.9358867610324728,0.8222384784198976,0.8868549786965441,0.1499999999999999,1124,1405,409,77,rf,under,over_sampled_1d_cnn_features_256.csv
0.8749585406301824,0.8047337278106509,0.9059117402164862,0.8523305914610263,0.8836907082521117,0.3399999999999998,1088,1550,264,113,rf,under,under_sampled_1d_cnn_features_32.csv
0.876285240464345,0.8112781954887218,0.8984179850124896,0.852627419992098,0.8795239647864362,0.3799999999999999,1079,1563,251,122,rf,under,under_sampled_1d_cnn_features_64.csv
0.8480928689883914,0.7553264604810996,0.9150707743547044,0.8275602409638554,0.8779357724876178,0.2599999999999999,1099,1458,356,102,rf,under,under_sampled_1d_cnn_features_128.csv
0.8417910447761194,0.739101717305152,0.9317235636969192,0.8243093922651934,0.8855650522317189,0.1699999999999999,1119,1419,395,82,rf,under,under_sampled_1d_cnn_features_256.csv
0.8716417910447761,0.7979502196193266,0.9075770191507078,0.8492403583950137,0.8833063209076175,0.3299999999999998,1090,1538,276,111,rf,under,weighted_1d_cnn_features_32.csv
0.83681592039801,0.7309446254071661,0.9342214820982516,0.8201754385964912,0.8849976336961666,0.1999999999999999,1122,1401,413,79,rf,under,weighted_1d_cnn_features_64.csv
0.8348258706467662,0.7286922576447625,0.93255620316403,0.8181154127100073,0.8831414603374862,0.1699999999999999,1120,1397,417,81,rf,under,weighted_1d_cnn_features_128.csv
0.8580431177446103,0.768589298123697,0.9208992506244796,0.8378787878787879,0.885792087137594,0.2099999999999999,1106,1481,333,95,rf,under,weighted_1d_cnn_features_256.csv
0.8477611940298507,0.7473333333333333,0.9333888426311407,0.8300629396519807,0.8891180203045685,0.1499999999999999,1121,1435,379,80,rf,over,normal_1d_cnn_features_32.csv
0.8470978441127694,0.7476572958500669,0.9300582847626978,0.8289424860853433,0.8867894569704668,0.1399999999999999,1117,1437,377,84,rf,over,normal_1d_cnn_features_64.csv
0.857379767827529,0.7667820069204152,0.922564529558701,0.8374905517762661,0.8865418466954713,0.1399999999999999,1108,1477,337,93,rf,over,normal_1d_cnn_features_128.csv
0.826865671641791,0.7246856386499008,0.9117402164862616,0.8075221238938053,0.8669833729216152,0.1699999999999999,1095,1398,416,106,rf,over,normal_1d_cnn_features_256.csv
0.8454394693200663,0.7438619774386198,0.9333888426311407,0.827917282127031,0.8881318333069245,0.12,1121,1428,386,80,rf,over,over_sampled_1d_cnn_features_32.csv
0.8461028192371476,0.7438782263401721,0.9358867610324728,0.8289085545722714,0.889944576405384,0.1,1124,1427,387,77,rf,over,over_sampled_1d_cnn_features_64.csv
0.8620232172470979,0.7731384829505915,0.9250624479600332,0.8423047763457164,0.8900817176734498,0.12,1111,1488,326,90,rf,over,over_sampled_1d_cnn_features_128.csv
0.8451077943615257,0.743368700265252,0.9333888426311407,0.8276116648209672,0.8879911280101395,0.11,1121,1427,387,80,rf,over,over_sampled_1d_cnn_features_256.csv
0.8507462686567164,0.7538877620013522,0.9283930058284764,0.832089552238806,0.8873149769218526,0.1599999999999999,1115,1450,364,86,rf,over,under_sampled_1d_cnn_features_32.csv
0.8235489220563847,0.7121116043119848,0.9350541215653622,0.80849532037437,0.8799561197304497,0.13,1123,1360,454,78,rf,over,under_sampled_1d_cnn_features_64.csv
0.84212271973466,0.7444369521240728,0.919233971690258,0.8226527570789866,0.8780022268172419,0.1799999999999999,1104,1435,379,97,rf,over,under_sampled_1d_cnn_features_128.csv
0.8557213930348259,0.7670850767085077,0.9159034138218152,0.8349146110056926,0.8816928502725232,0.1599999999999999,1100,1480,334,101,rf,over,under_sampled_1d_cnn_features_256.csv
0.8328358208955224,0.7249838605551969,0.9350541215653622,0.8167272727272727,0.883834408940658,0.13,1123,1388,426,78,rf,over,weighted_1d_cnn_features_32.csv
0.8328358208955224,0.7279267495094833,0.9267277268942548,0.8153846153846154,0.8787304594978683,0.1399999999999999,1113,1398,416,88,rf,over,weighted_1d_cnn_features_64.csv
0.8381426202321725,0.7353135313531353,0.9275603663613656,0.8203240058910162,0.8814685868017091,0.13,1114,1413,401,87,rf,over,weighted_1d_cnn_features_128.csv
0.8411276948590382,0.7371879106438897,0.9342214820982516,0.8240910760190966,0.8868163136263041,0.12,1122,1414,400,79,rf,over,weighted_1d_cnn_features_256.csv
0.845771144278607,0.7453333333333333,0.9308909242298083,0.8278415401703073,0.886738578680203,0.13,1118,1432,382,83,rf,weighted,normal_1d_cnn_features_32.csv
0.861028192371476,0.7741935483870968,0.919233971690258,0.8405024743052912,0.8860353130016051,0.1499999999999999,1104,1492,322,97,rf,weighted,normal_1d_cnn_features_64.csv
0.8845771144278607,0.8243346007604563,0.9025811823480432,0.8616852146263911,0.8857656479816963,0.2099999999999999,1084,1583,231,117,rf,weighted,normal_1d_cnn_features_128.csv
0.8248756218905473,0.7212360289283366,0.9134054954204828,0.8060249816311535,0.867193675889328,0.1499999999999999,1097,1390,424,104,rf,weighted,normal_1d_cnn_features_256.csv
0.8580431177446103,0.7671043538355218,0.9242298084929226,0.8383685800604229,0.8878579427291633,0.12,1110,1477,337,91,rf,weighted,over_sampled_1d_cnn_features_32.csv
0.848424543946932,0.7486631016042781,0.93255620316403,0.8305524657026325,0.8888888888888888,0.1,1120,1438,376,81,rf,weighted,over_sampled_1d_cnn_features_64.csv
0.8656716417910447,0.7806770098730607,0.9217318900915904,0.845360824742268,0.8895853423336548,0.11,1107,1503,311,94,rf,weighted,over_sampled_1d_cnn_features_128.csv
0.8583747927031509,0.76875,0.9217318900915904,0.8383188186293071,0.8864509929532352,0.13,1107,1481,333,94,rf,weighted,over_sampled_1d_cnn_features_256.csv
0.835820895522388,0.7286269430051814,0.9367194004995836,0.819672131147541,0.8861058601134215,0.12,1125,1395,419,76,rf,weighted,under_sampled_1d_cnn_features_32.csv
0.8398009950248756,0.7399732620320856,0.9217318900915904,0.8209121245828699,0.8785714285714286,0.1399999999999999,1107,1425,389,94,rf,weighted,under_sampled_1d_cnn_features_64.csv
0.8427860696517413,0.7451112609575186,0.9200666111573688,0.823397913561848,0.878797518689359,0.1499999999999999,1105,1436,378,96,rf,weighted,under_sampled_1d_cnn_features_128.csv
0.8487562189054726,0.7518593644354293,0.925895087427144,0.8298507462686567,0.8849275823651122,0.12,1112,1447,367,89,rf,weighted,under_sampled_1d_cnn_features_256.csv
0.8530679933665009,0.7606602475928473,0.9208992506244796,0.8331450094161958,0.883668903803132,0.1499999999999999,1106,1466,348,95,rf,weighted,weighted_1d_cnn_features_32.csv
0.8398009950248756,0.7393333333333333,0.9233971690258118,0.8211773417252869,0.8796002538071066,0.1399999999999999,1109,1423,391,92,rf,weighted,weighted_1d_cnn_features_64.csv
0.8341625207296849,0.72744970798183,0.9333888426311407,0.8176513493800146,0.8833727344365643,0.11,1121,1394,420,80,rf,weighted,weighted_1d_cnn_features_128.csv
0.8557213930348259,0.7645027624309392,0.9217318900915904,0.8357870894677236,0.8853166986564299,0.13,1107,1473,341,94,rf,weighted,weighted_1d_cnn_features_256.csv
0.8626865671641791,0.7765284609978917,0.9200666111573688,0.8422256097560976,0.8872651356993737,0.1,1105,1496,318,96,svm,normal,normal_1d_cnn_features_32.csv
0.8839137645107794,0.824067022086824,0.9009159034138218,0.8607796340493238,0.8844204675494524,0.11,1082,1583,231,119,svm,normal,normal_1d_cnn_features_64.csv
0.881592039800995,0.8187311178247734,0.9025811823480432,0.8586138613861386,0.8844647519582245,0.11,1084,1574,240,117,svm,normal,normal_1d_cnn_features_128.csv
0.8165837479270315,0.70795892169448,0.9184013322231472,0.799565059804277,0.8668657654825527,0.1,1103,1359,455,98,svm,normal,normal_1d_cnn_features_256.csv
0.8713101160862355,0.794778825235678,0.9125728559533722,0.8496124031007752,0.8863011483098819,0.1,1096,1531,283,105,svm,normal,over_sampled_1d_cnn_features_32.csv
0.8713101160862355,0.797366495976591,0.9075770191507078,0.8489096573208723,0.8831631826284233,0.1,1090,1537,277,111,svm,normal,over_sampled_1d_cnn_features_64.csv
0.8786069651741294,0.8104089219330854,0.9075770191507078,0.8562450903377847,0.8863229793462352,0.1,1090,1559,255,111,svm,normal,over_sampled_1d_cnn_features_128.csv
0.8676616915422886,0.787661406025825,0.9142381348875936,0.846242774566474,0.8857696030977735,0.1,1098,1518,296,103,svm,normal,over_sampled_1d_cnn_features_256.csv
0.8669983416252073,0.7902757619738752,0.906744379683597,0.8445133772780148,0.8807829181494662,0.1,1089,1525,289,112,svm,normal,under_sampled_1d_cnn_features_32.csv
0.8626865671641791,0.7812723373838456,0.91007493755204,0.8407692307692308,0.8810253103337095,0.1,1093,1508,306,108,svm,normal,under_sampled_1d_cnn_features_64.csv
0.8587064676616916,0.7742392073602264,0.9109075770191508,0.8370313695485846,0.8798455846871481,0.1,1094,1495,319,107,svm,normal,under_sampled_1d_cnn_features_128.csv
0.8683250414593698,0.7904624277456648,0.9109075770191508,0.84642166344294,0.8839689722042663,0.1,1094,1524,290,107,svm,normal,under_sampled_1d_cnn_features_256.csv
0.8630182421227197,0.7814285714285715,0.9109075770191508,0.8412149173394848,0.8816892327530625,0.1,1094,1508,306,107,svm,normal,weighted_1d_cnn_features_32.csv
0.8557213930348259,0.7708628005657708,0.9075770191507078,0.8336520076481836,0.8764876165969765,0.1,1090,1490,324,111,svm,normal,weighted_1d_cnn_features_64.csv
0.8693200663349917,0.7964731814842028,0.9025811823480432,0.8462138953942233,0.8791565287915653,0.1,1084,1537,277,117,svm,normal,weighted_1d_cnn_features_128.csv
0.869983416252073,0.7946103423160962,0.9084096586178184,0.8477078477078477,0.8831147806378501,0.1,1091,1532,282,110,svm,normal,weighted_1d_cnn_features_256.csv
0.8643449419568823,0.7800565770862801,0.9184013322231472,0.8435946462715105,0.8869411386297845,0.1699999999999999,1103,1503,311,98,svm,under,normal_1d_cnn_features_32.csv
0.867330016583748,0.7842441447835344,0.9200666111573688,0.8467432950191571,0.8892644455174634,0.13,1105,1510,304,96,svm,under,normal_1d_cnn_features_64.csv
0.8590381426202321,0.7650273224043715,0.93255620316403,0.8405253283302064,0.8934269304403318,0.12,1120,1470,344,81,svm,under,normal_1d_cnn_features_128.csv
0.8427860696517413,0.7508626639061422,0.9059117402164862,0.8211320754716981,0.8699824084439469,0.1399999999999999,1088,1453,361,113,svm,under,normal_1d_cnn_features_256.csv
0.848424543946932,0.748995983935743,0.9317235636969192,0.8304267161410018,0.8883772626230549,0.12,1119,1439,375,82,svm,under,over_sampled_1d_cnn_features_32.csv
0.844776119402985,0.7409598948060486,0.9383846794338052,0.8280675973548861,0.8909090909090909,0.1,1127,1420,394,74,svm,under,over_sampled_1d_cnn_features_64.csv
0.8719734660033167,0.7904490377761939,0.9233971690258118,0.8517665130568356,0.893346222007411,0.1499999999999999,1109,1520,294,92,svm,under,over_sampled_1d_cnn_features_128.csv
0.8543946932006633,0.7595367847411444,0.9283930058284764,0.8355189209441738,0.8888711734693877,0.13,1115,1461,353,86,svm,under,over_sampled_1d_cnn_features_256.csv
0.8543946932006633,0.7602459016393442,0.9267277268942548,0.8352720450281426,0.8878430121250798,0.1399999999999999,1113,1463,351,88,svm,under,under_sampled_1d_cnn_features_32.csv
0.8603648424543947,0.7758132956152758,0.9134054954204828,0.8390057361376673,0.8821164361531039,0.1699999999999999,1097,1497,317,104,svm,under,under_sampled_1d_cnn_features_64.csv
0.8557213930348259,0.7659722222222223,0.9184013322231472,0.8352896630064369,0.8832479180012812,0.1599999999999999,1103,1477,337,98,svm,under,under_sampled_1d_cnn_features_128.csv
0.8567164179104477,0.7660899653979238,0.9217318900915904,0.8367346938775511,0.885741718674988,0.1399999999999999,1107,1476,338,94,svm,under,under_sampled_1d_cnn_features_256.csv
0.8474295190713101,0.7511864406779661,0.922564529558701,0.828101644245142,0.882306099697404,0.13,1108,1447,367,93,svm,under,weighted_1d_cnn_features_32.csv
0.8593698175787728,0.7769066286528866,0.9075770191507078,0.837173579109063,0.8780409215401965,0.1799999999999999,1090,1501,313,111,svm,under,weighted_1d_cnn_features_64.csv
0.8401326699834163,0.7376074025115664,0.929225645295587,0.8224023581429624,0.8833306949501346,0.11,1116,1417,397,85,svm,under,weighted_1d_cnn_features_128.csv
0.8570480928689884,0.7669902912621359,0.9208992506244796,0.8369277336360197,0.8853666346461736,0.13,1106,1478,336,95,svm,under,weighted_1d_cnn_features_256.csv
0.8679933665008291,0.7861724875267284,0.9184013322231472,0.84715821812596,0.8885129692282906,0.1699999999999999,1103,1514,300,98,svm,over,normal_1d_cnn_features_32.csv
0.866334991708126,0.7829787234042553,0.919233971690258,0.8456530065109154,0.8883167042162858,0.12,1104,1508,306,97,svm,over,normal_1d_cnn_features_64.csv
0.8653399668325041,0.7770034843205574,0.9283930058284764,0.84597875569044,0.8935726879307582,0.12,1115,1494,320,86,svm,over,normal_1d_cnn_features_128.csv
0.8391376451077943,0.7448700410396717,0.906744379683597,0.8178745775441232,0.8689754229173317,0.13,1089,1441,373,112,svm,over,normal_1d_cnn_features_256.csv
0.8593698175787728,0.7684865238424327,0.925895087427144,0.8398791540785498,0.8894576867701168,0.13,1112,1479,335,89,svm,over,over_sampled_1d_cnn_features_32.csv
0.8557213930348259,0.7623287671232877,0.9267277268942548,0.8365276211950394,0.8884099616858238,0.11,1113,1467,347,88,svm,over,over_sampled_1d_cnn_features_64.csv
0.8703150912106136,0.7868271954674221,0.9250624479600332,0.8503635667814772,0.8936615186615187,0.13,1111,1513,301,90,svm,over,over_sampled_1d_cnn_features_128.csv
0.8524046434494196,0.7540322580645161,0.9342214820982516,0.8345109706210487,0.8916083916083916,0.11,1122,1448,366,79,svm,over,over_sampled_1d_cnn_features_256.csv
0.8497512437810946,0.753731343283582,0.9250624479600332,0.8306542056074766,0.8848359350111501,0.13,1111,1451,363,90,svm,over,under_sampled_1d_cnn_features_32.csv
0.8580431177446103,0.7700908455625437,0.9175686927560366,0.837386018237082,0.8837209302325582,0.1499999999999999,1102,1485,329,99,svm,over,under_sampled_1d_cnn_features_64.csv
0.8517412935323383,0.7592847317744154,0.919233971690258,0.831638418079096,0.8820709491850431,0.1399999999999999,1104,1464,350,97,svm,over,under_sampled_1d_cnn_features_128.csv
0.8527363184079602,0.7576582709326072,0.9267277268942548,0.8337078651685393,0.8871353419416547,0.12,1113,1458,356,88,svm,over,under_sampled_1d_cnn_features_256.csv
0.8633499170812604,0.7811831789023521,0.9125728559533722,0.8417818740399385,0.8828741743193169,0.1699999999999999,1096,1507,307,105,svm,over,weighted_1d_cnn_features_32.csv
0.8527363184079602,0.7637630662020906,0.9125728559533722,0.8315629742033384,0.878345888764225,0.1499999999999999,1096,1475,339,105,svm,over,weighted_1d_cnn_features_64.csv
0.8467661691542289,0.7488215488215488,0.925895087427144,0.8279970215934475,0.8840833200826841,0.11,1112,1441,373,89,svm,over,weighted_1d_cnn_features_128.csv
0.8626865671641791,0.776917663617171,0.919233971690258,0.8421052631578947,0.8867469879518072,0.13,1104,1497,317,97,svm,over,weighted_1d_cnn_features_256.csv
0.8613598673300166,0.7735849056603774,0.9217318900915904,0.8411854103343465,0.8877305533279871,0.11,1107,1490,324,94,svm,weighted,normal_1d_cnn_features_32.csv
0.8733001658374793,0.7986870897155361,0.9117402164862616,0.8514774494556765,0.8866396761133604,0.1,1095,1538,276,106,svm,weighted,normal_1d_cnn_features_64.csv
0.8686567164179104,0.7864768683274022,0.9200666111573688,0.8480429777436684,0.8898373329038493,0.1,1105,1514,300,96,svm,weighted,normal_1d_cnn_features_128.csv
0.8477611940298507,0.7612676056338028,0.9000832639467111,0.824876001526135,0.8684125964010283,0.1,1081,1475,339,120,svm,weighted,normal_1d_cnn_features_256.csv
0.863681592039801,0.7777777777777778,0.9208992506244796,0.8433091879527259,0.8882107292001284,0.1,1106,1498,316,95,svm,weighted,over_sampled_1d_cnn_features_32.csv
0.8693200663349917,0.7909156452775775,0.9134054954204828,0.847758887171561,0.8859634953965434,0.11,1097,1524,290,104,svm,weighted,over_sampled_1d_cnn_features_64.csv
0.8703150912106136,0.7888730385164051,0.9208992506244796,0.8497887053399923,0.8910731550112794,0.1,1106,1518,296,95,svm,weighted,over_sampled_1d_cnn_features_128.csv
0.8616915422885573,0.7741258741258741,0.9217318900915904,0.8415051311288484,0.8878729547641964,0.1,1107,1491,323,94,svm,weighted,over_sampled_1d_cnn_features_256.csv
0.8557213930348259,0.7656033287101248,0.919233971690258,0.8354143019296254,0.8837656099903939,0.1,1104,1476,338,97,svm,weighted,under_sampled_1d_cnn_features_32.csv
0.854726368159204,0.7647467036780013,0.9175686927560366,0.834216502649508,0.8823058446757406,0.1,1102,1475,339,99,svm,weighted,under_sampled_1d_cnn_features_64.csv
0.8580431177446103,0.7712280701754386,0.9150707743547044,0.837014470677837,0.8821640712794991,0.11,1099,1488,326,102,svm,weighted,under_sampled_1d_cnn_features_128.csv
0.8597014925373134,0.7712691771269177,0.9208992506244796,0.8394686907020873,0.8865020840012825,0.1,1106,1486,328,95,svm,weighted,under_sampled_1d_cnn_features_256.csv
0.8716417910447761,0.799264705882353,0.9050791007493756,0.8488871534556813,0.8817326411421155,0.1599999999999999,1087,1541,273,114,svm,weighted,weighted_1d_cnn_features_32.csv
0.8540630182421227,0.7670175438596492,0.91007493755204,0.8324447829398325,0.8773478889067265,0.11,1093,1482,332,108,svm,weighted,weighted_1d_cnn_features_64.csv
0.8583747927031509,0.7733050847457628,0.9117402164862616,0.8368360718379825,0.8802250803858521,0.1,1095,1493,321,106,svm,weighted,weighted_1d_cnn_features_128.csv
0.863681592039801,0.7797450424929179,0.916736053288926,0.8427095292766934,0.8856177606177607,0.1,1101,1503,311,100,svm,weighted,weighted_1d_cnn_features_256.csv
0.8285240464344942,0.7167300380228137,0.9417152373022482,0.8139618567830155,0.8860858664995299,0.1,1131,1367,447,70,xgboost,normal,normal_1d_cnn_features_32.csv
0.8829187396351575,0.8207261724659607,0.903413821815154,0.8600871977804201,0.8855697029056481,0.1899999999999999,1085,1577,237,116,xgboost,normal,normal_1d_cnn_features_64.csv
0.848424543946932,0.75,0.929225645295587,0.8300483451097063,0.8868404322949778,0.1,1116,1442,372,85,xgboost,normal,normal_1d_cnn_features_128.csv
0.7976782752902156,0.6785498489425982,0.9350541215653622,0.7864145658263305,0.8693296175878619,0.11,1123,1282,532,78,xgboost,normal,normal_1d_cnn_features_256.csv
0.8583747927031509,0.7654320987654321,0.929225645295587,0.8394133132756676,0.8910891089108911,0.11,1116,1472,342,85,xgboost,normal,over_sampled_1d_cnn_features_32.csv
0.863681592039801,0.778954802259887,0.9184013322231472,0.8429499426824608,0.8866559485530546,0.12,1103,1501,313,98,xgboost,normal,over_sampled_1d_cnn_features_64.csv
0.8703150912106136,0.7884615384615384,0.9217318900915904,0.8499040307101727,0.8915914948453608,0.1,1107,1517,297,94,xgboost,normal,over_sampled_1d_cnn_features_128.csv
0.8666666666666667,0.7823321554770318,0.9217318900915904,0.8463302752293578,0.8900144717800289,0.12,1107,1506,308,94,xgboost,normal,over_sampled_1d_cnn_features_256.csv
0.8567164179104477,0.7646249139710943,0.9250624479600332,0.8372268274302939,0.887805657663417,0.1399999999999999,1111,1472,342,90,xgboost,normal,under_sampled_1d_cnn_features_32.csv
0.8275290215588723,0.7181294042280589,0.9333888426311407,0.8117306299782766,0.8805970149253731,0.11,1121,1374,440,80,xgboost,normal,under_sampled_1d_cnn_features_64.csv
0.8557213930348259,0.7685834502103787,0.9125728559533722,0.8344118766653978,0.8796147672552167,0.1599999999999999,1096,1484,330,105,xgboost,normal,under_sampled_1d_cnn_features_128.csv
0.8494195688225539,0.7532203389830509,0.9250624479600332,0.8303437967115097,0.8846950151297978,0.11,1111,1450,364,90,xgboost,normal,under_sampled_1d_cnn_features_256.csv
0.8583747927031509,0.7713884992987378,0.9159034138218152,0.8374571754853445,0.8828250401284109,0.1499999999999999,1100,1488,326,101,xgboost,normal,weighted_1d_cnn_features_32.csv
0.826865671641791,0.7163798597833014,0.9358867610324728,0.8115523465703971,0.8818452847952298,0.11,1124,1369,445,77,xgboost,normal,weighted_1d_cnn_features_64.csv
0.8441127694859039,0.7441549766199065,0.9275603663613656,0.8257968865826538,0.8839866687827329,0.11,1114,1431,383,87,xgboost,normal,weighted_1d_cnn_features_128.csv
0.8437810945273632,0.7417218543046358,0.93255620316403,0.8262633714496496,0.8869179600886918,0.1,1120,1424,390,81,xgboost,normal,weighted_1d_cnn_features_256.csv
0.8742951907131011,0.8008784773060029,0.9109075770191508,0.8523568367744448,0.8865478119935171,0.2999999999999999,1094,1542,272,107,xgboost,under,normal_1d_cnn_features_32.csv
0.8613598673300166,0.7739678096571029,0.9208992506244796,0.84106463878327,0.8872132199582865,0.2199999999999999,1106,1491,323,95,xgboost,under,normal_1d_cnn_features_64.csv
0.8500829187396352,0.7525286581254215,0.929225645295587,0.8315946348733234,0.8875457292826467,0.1599999999999999,1116,1447,367,85,xgboost,under,normal_1d_cnn_features_128.csv
0.839469320066335,0.7440435670524166,0.91007493755204,0.8187265917602996,0.8711940060577076,0.2499999999999999,1093,1438,376,108,xgboost,under,normal_1d_cnn_features_256.csv
0.8567164179104477,0.7628161312371838,0.929225645295587,0.8378378378378378,0.8903781713738631,0.1699999999999999,1116,1467,347,85,xgboost,under,over_sampled_1d_cnn_features_32.csv
0.8470978441127694,0.7463382157123835,0.9333888426311407,0.82944876063633,0.8888360291785601,0.1399999999999999,1121,1433,381,80,xgboost,under,over_sampled_1d_cnn_features_64.csv
0.8749585406301824,0.7985507246376812,0.9175686927560366,0.8539325842696629,0.8910090556274256,0.1899999999999999,1102,1536,278,99,xgboost,under,over_sampled_1d_cnn_features_128.csv
0.8467661691542289,0.7445400397088021,0.9367194004995836,0.8296460176991151,0.8907363420427553,0.1399999999999999,1125,1428,386,76,xgboost,under,over_sampled_1d_cnn_features_256.csv
0.8275290215588723,0.7150979153506001,0.9425478767693588,0.8132183908045977,0.8861750430562079,0.1599999999999999,1132,1363,451,69,xgboost,under,under_sampled_1d_cnn_features_32.csv
0.8378109452736319,0.7345191040843215,0.9283930058284764,0.8201544685546157,0.8818411894969946,0.1899999999999999,1115,1411,403,86,xgboost,under,under_sampled_1d_cnn_features_64.csv
0.8643449419568823,0.7857142857142857,0.906744379683597,0.8419018167761886,0.8796445880452343,0.3099999999999999,1089,1517,297,112,xgboost,under,under_sampled_1d_cnn_features_128.csv
0.8467661691542289,0.7478202548625084,0.9283930058284764,0.8283803863298663,0.8856235107227959,0.1599999999999999,1115,1438,376,86,xgboost,under,under_sampled_1d_cnn_features_256.csv
0.8583747927031509,0.7706293706293706,0.9175686927560366,0.8377042949448879,0.8838626884825153,0.2299999999999999,1102,1486,328,99,xgboost,under,weighted_1d_cnn_features_32.csv
0.8404643449419569,0.7384105960264901,0.9283930058284764,0.8225746956842493,0.8829585049097244,0.1899999999999999,1115,1419,395,86,xgboost,under,weighted_1d_cnn_features_64.csv
0.8391376451077943,0.7349081364829396,0.93255620316403,0.8220183486238533,0.8849557522123894,0.1699999999999999,1120,1410,404,81,xgboost,under,weighted_1d_cnn_features_128.csv
0.8487562189054726,0.7494976557267247,0.9317235636969192,0.8307349665924276,0.8885183420676512,0.1599999999999999,1119,1440,374,82,xgboost,under,weighted_1d_cnn_features_256.csv
0.8616915422885573,0.7741258741258741,0.9217318900915904,0.8415051311288484,0.8878729547641964,0.2199999999999999,1107,1491,323,94,xgboost,over,normal_1d_cnn_features_32.csv
0.8679933665008291,0.7857651245551601,0.919233971690258,0.8472755180353031,0.8890320502496376,0.2099999999999999,1104,1513,301,97,xgboost,over,normal_1d_cnn_features_64.csv
0.8344941956882256,0.7252888318356868,0.9408825978351374,0.8191373686118159,0.8880855077019805,0.11,1130,1386,428,71,xgboost,over,normal_1d_cnn_features_128.csv
0.8444444444444444,0.754874651810585,0.9025811823480432,0.8221463784603716,0.8685897435897436,0.2499999999999999,1084,1462,352,117,xgboost,over,normal_1d_cnn_features_256.csv
0.8464344941956883,0.7450199203187251,0.9342214820982516,0.828961950498707,0.8890649762282092,0.13,1122,1430,384,79,xgboost,over,over_sampled_1d_cnn_features_32.csv
0.8417910447761194,0.737221494102228,0.9367194004995836,0.8250825082508251,0.8886255924170616,0.11,1125,1413,401,76,xgboost,over,over_sampled_1d_cnn_features_64.csv
0.8693200663349917,0.7871886120996441,0.9208992506244796,0.8488104374520338,0.8906426155580609,0.1499999999999999,1106,1515,299,95,xgboost,over,over_sampled_1d_cnn_features_128.csv
0.8653399668325041,0.7777777777777778,0.9267277268942548,0.8457446808510638,0.892542101042502,0.1599999999999999,1113,1496,318,88,xgboost,over,over_sampled_1d_cnn_features_256.csv
0.8424543946932007,0.7407161803713528,0.9300582847626978,0.8246585455887782,0.8848225602027884,0.1699999999999999,1117,1423,391,84,xgboost,over,under_sampled_1d_cnn_features_32.csv
0.8388059701492537,0.735973597359736,0.9283930058284764,0.821060382916053,0.8822598512422851,0.1699999999999999,1115,1414,400,86,xgboost,over,under_sampled_1d_cnn_features_64.csv
0.8587064676616916,0.77462792345854,0.91007493755204,0.836906584992343,0.8793242156074015,0.2399999999999999,1093,1496,318,108,xgboost,over,under_sampled_1d_cnn_features_128.csv
0.8271973466003317,0.71437578814628,0.9433805162364696,0.8130606386795838,0.8865414710485133,0.1,1133,1361,453,68,xgboost,over,under_sampled_1d_cnn_features_256.csv
0.851077943615257,0.7571819425444597,0.9217318900915904,0.8313931656027037,0.8833386530481966,0.1899999999999999,1107,1459,355,94,xgboost,over,weighted_1d_cnn_features_32.csv
0.8199004975124378,0.7069182389937106,0.9358867610324728,0.8054460766750269,0.8789490147012825,0.1399999999999999,1124,1348,466,77,xgboost,over,weighted_1d_cnn_features_64.csv
0.8533996683250414,0.7611837577426015,0.9208992506244796,0.8334589299171062,0.8838101326514304,0.1799999999999999,1106,1467,347,95,xgboost,over,weighted_1d_cnn_features_128.csv
0.8291873963515755,0.7176395939086294,0.9417152373022482,0.814548073460569,0.8863636363636364,0.11,1131,1369,445,70,xgboost,over,weighted_1d_cnn_features_256.csv
0.8285240464344942,0.7167300380228137,0.9417152373022482,0.8139618567830155,0.8860858664995299,0.1,1131,1367,447,70,xgboost,weighted,normal_1d_cnn_features_32.csv
0.8829187396351575,0.8207261724659607,0.903413821815154,0.8600871977804201,0.8855697029056481,0.1899999999999999,1085,1577,237,116,xgboost,weighted,normal_1d_cnn_features_64.csv
0.848424543946932,0.75,0.929225645295587,0.8300483451097063,0.8868404322949778,0.1,1116,1442,372,85,xgboost,weighted,normal_1d_cnn_features_128.csv
0.7976782752902156,0.6785498489425982,0.9350541215653622,0.7864145658263305,0.8693296175878619,0.11,1123,1282,532,78,xgboost,weighted,normal_1d_cnn_features_256.csv
0.8583747927031509,0.7654320987654321,0.929225645295587,0.8394133132756676,0.8910891089108911,0.11,1116,1472,342,85,xgboost,weighted,over_sampled_1d_cnn_features_32.csv
0.863681592039801,0.778954802259887,0.9184013322231472,0.8429499426824608,0.8866559485530546,0.12,1103,1501,313,98,xgboost,weighted,over_sampled_1d_cnn_features_64.csv
0.8703150912106136,0.7884615384615384,0.9217318900915904,0.8499040307101727,0.8915914948453608,0.1,1107,1517,297,94,xgboost,weighted,over_sampled_1d_cnn_features_128.csv
0.8666666666666667,0.7823321554770318,0.9217318900915904,0.8463302752293578,0.8900144717800289,0.12,1107,1506,308,94,xgboost,weighted,over_sampled_1d_cnn_features_256.csv
0.8567164179104477,0.7646249139710943,0.9250624479600332,0.8372268274302939,0.887805657663417,0.1399999999999999,1111,1472,342,90,xgboost,weighted,under_sampled_1d_cnn_features_32.csv
0.8275290215588723,0.7181294042280589,0.9333888426311407,0.8117306299782766,0.8805970149253731,0.11,1121,1374,440,80,xgboost,weighted,under_sampled_1d_cnn_features_64.csv
0.8557213930348259,0.7685834502103787,0.9125728559533722,0.8344118766653978,0.8796147672552167,0.1599999999999999,1096,1484,330,105,xgboost,weighted,under_sampled_1d_cnn_features_128.csv
0.8494195688225539,0.7532203389830509,0.9250624479600332,0.8303437967115097,0.8846950151297978,0.11,1111,1450,364,90,xgboost,weighted,under_sampled_1d_cnn_features_256.csv
0.8583747927031509,0.7713884992987378,0.9159034138218152,0.8374571754853445,0.8828250401284109,0.1499999999999999,1100,1488,326,101,xgboost,weighted,weighted_1d_cnn_features_32.csv
0.826865671641791,0.7163798597833014,0.9358867610324728,0.8115523465703971,0.8818452847952298,0.11,1124,1369,445,77,xgboost,weighted,weighted_1d_cnn_features_64.csv
0.8441127694859039,0.7441549766199065,0.9275603663613656,0.8257968865826538,0.8839866687827329,0.11,1114,1431,383,87,xgboost,weighted,weighted_1d_cnn_features_128.csv
0.8437810945273632,0.7417218543046358,0.93255620316403,0.8262633714496496,0.8869179600886918,0.1,1120,1424,390,81,xgboost,weighted,weighted_1d_cnn_features_256.csv
